<annotation>
	<folder>images</folder>
	<filename>videoplayback2813.jpg</filename>
	<path>C:\Users\Stephanie\Documents\Berkeley\w251\labelmg\MIDS_HW8-master\images\videoplayback2813.jpg</path>
	<source>
		<database>Unknown</database>
	</source>
	<size>
		<width>1000</width>
		<height>563</height>
		<depth>3</depth>
	</size>
	<segmented>0</segmented>
	<object>
		<name>TIE Fighter</name>
		<pose>Unspecified</pose>
		<truncated>0</truncated>
		<difficult>0</difficult>
		<bndbox>
			<xmin>464</xmin>
			<ymin>262</ymin>
			<xmax>527</xmax>
			<ymax>323</ymax>
		</bndbox>
	</object>
	<object>
		<name>TIE Fighter</name>
		<pose>Unspecified</pose>
		<truncated>0</truncated>
		<difficult>0</difficult>
		<bndbox>
			<xmin>688</xmin>
			<ymin>247</ymin>
			<xmax>754</xmax>
			<ymax>315</ymax>
		</bndbox>
	</object>
</annotation>
