<annotation>
	<folder>images</folder>
	<filename>videoplayback6074.jpg</filename>
	<path>C:\Users\Stephanie\Documents\Berkeley\w251\labelmg\MIDS_HW8-master\images\videoplayback6074.jpg</path>
	<source>
		<database>Unknown</database>
	</source>
	<size>
		<width>1000</width>
		<height>563</height>
		<depth>3</depth>
	</size>
	<segmented>0</segmented>
	<object>
		<name>Millennium Falcon</name>
		<pose>Unspecified</pose>
		<truncated>0</truncated>
		<difficult>0</difficult>
		<bndbox>
			<xmin>516</xmin>
			<ymin>223</ymin>
			<xmax>583</xmax>
			<ymax>329</ymax>
		</bndbox>
	</object>
	<object>
		<name>TIE Fighter</name>
		<pose>Unspecified</pose>
		<truncated>0</truncated>
		<difficult>0</difficult>
		<bndbox>
			<xmin>260</xmin>
			<ymin>302</ymin>
			<xmax>291</xmax>
			<ymax>334</ymax>
		</bndbox>
	</object>
</annotation>
