<annotation>
	<folder>images</folder>
	<filename>videoplayback0802.jpg</filename>
	<path>C:\Users\Stephanie\Documents\Berkeley\w251\labelmg\MIDS_HW8-master\images\videoplayback0802.jpg</path>
	<source>
		<database>Unknown</database>
	</source>
	<size>
		<width>1000</width>
		<height>563</height>
		<depth>3</depth>
	</size>
	<segmented>0</segmented>
	<object>
		<name>Millennium Falcon</name>
		<pose>Unspecified</pose>
		<truncated>0</truncated>
		<difficult>0</difficult>
		<bndbox>
			<xmin>275</xmin>
			<ymin>228</ymin>
			<xmax>729</xmax>
			<ymax>343</ymax>
		</bndbox>
	</object>
	<object>
		<name>TIE Fighter</name>
		<pose>Unspecified</pose>
		<truncated>0</truncated>
		<difficult>0</difficult>
		<bndbox>
			<xmin>129</xmin>
			<ymin>179</ymin>
			<xmax>143</xmax>
			<ymax>195</ymax>
		</bndbox>
	</object>
</annotation>
