<annotation>
	<folder>images</folder>
	<filename>videoplayback0102.jpg</filename>
	<path>C:\Users\Stephanie\Documents\Berkeley\w251\labelmg\MIDS_HW8-master\images\videoplayback0102.jpg</path>
	<source>
		<database>Unknown</database>
	</source>
	<size>
		<width>1000</width>
		<height>563</height>
		<depth>3</depth>
	</size>
	<segmented>0</segmented>
	<object>
		<name>TIE Fighter</name>
		<pose>Unspecified</pose>
		<truncated>0</truncated>
		<difficult>0</difficult>
		<bndbox>
			<xmin>105</xmin>
			<ymin>259</ymin>
			<xmax>115</xmax>
			<ymax>267</ymax>
		</bndbox>
	</object>
	<object>
		<name>TIE Fighter</name>
		<pose>Unspecified</pose>
		<truncated>0</truncated>
		<difficult>0</difficult>
		<bndbox>
			<xmin>130</xmin>
			<ymin>278</ymin>
			<xmax>144</xmax>
			<ymax>292</ymax>
		</bndbox>
	</object>
	<object>
		<name>TIE Fighter</name>
		<pose>Unspecified</pose>
		<truncated>0</truncated>
		<difficult>0</difficult>
		<bndbox>
			<xmin>42</xmin>
			<ymin>284</ymin>
			<xmax>48</xmax>
			<ymax>292</ymax>
		</bndbox>
	</object>
</annotation>
