<annotation>
	<folder>images</folder>
	<filename>videoplayback0096.jpg</filename>
	<path>C:\Users\Stephanie\Documents\Berkeley\w251\labelmg\MIDS_HW8-master\images\videoplayback0096.jpg</path>
	<source>
		<database>Unknown</database>
	</source>
	<size>
		<width>1000</width>
		<height>563</height>
		<depth>3</depth>
	</size>
	<segmented>0</segmented>
	<object>
		<name>TIE Fighter</name>
		<pose>Unspecified</pose>
		<truncated>0</truncated>
		<difficult>0</difficult>
		<bndbox>
			<xmin>25</xmin>
			<ymin>243</ymin>
			<xmax>33</xmax>
			<ymax>251</ymax>
		</bndbox>
	</object>
	<object>
		<name>TIE Fighter</name>
		<pose>Unspecified</pose>
		<truncated>0</truncated>
		<difficult>0</difficult>
		<bndbox>
			<xmin>86</xmin>
			<ymin>259</ymin>
			<xmax>94</xmax>
			<ymax>266</ymax>
		</bndbox>
	</object>
	<object>
		<name>TIE Fighter</name>
		<pose>Unspecified</pose>
		<truncated>0</truncated>
		<difficult>0</difficult>
		<bndbox>
			<xmin>110</xmin>
			<ymin>279</ymin>
			<xmax>122</xmax>
			<ymax>290</ymax>
		</bndbox>
	</object>
</annotation>
